編號,據點名稱,行政區,里別,據點地址,電話,lat,lon
1,財團法人新北市基督教新希望教會(百齡長青),士林區,前港里,臺北市士林區前港里承德路4段190號4樓,0970-865525,25.0872006,121.5222819
2,台北市士林區天和社區發展協會,士林區,天山里,臺北市士林區天山里中山北路7段154巷6號4樓,0936-889263,25.1234101,121.5330596
3,財團法人台北市天母基督教會,士林區,天母里,臺北市士林區天母里天玉街63號,02-28714742,25.1220151,121.5307058
4,財團法人天主教遣使會-聖文生之友社區關懷據點,士林區,天山里,臺北市士林區天山里中山北路7段134號,02-28763236,25.1227884,121.5322519
5,臺北市三樂樂齡關懷協會,士林區,社園里,臺北市士林區社園里社中街226號1樓,0972-990917,25.0913621,121.5081024
6,臺北市士林區葫蘆里辦公處,士林區,葫蘆里,臺北市士林區葫蘆里葫蘆街137號,0958-972685,25.0838426,121.5086165
7,財團法人台北市中華基督教浸信會慈光堂,士林區,翠山里,臺北市士林區翠山里中社路1段43巷1號,0912-007084,25.1087676,121.5613135
8,社團法人中華悅齡長照關懷協會,士林區,福志里,臺北市士林區福志里雨農路92號之1(1樓社區教室B)臺北市士林區中山北路5段685號3樓之1,02-28327510,25.0997907,121.5328129
9,臺北市士林區德行里辦公處,士林區,德行里,臺北市士林區德行里德行西路30號,02-88662865,25.1054699,121.5234851
10,臺北市士林區葫東里辦公處,士林區,葫東里,臺北市士林區葫東里中正路589號1樓,0933-716265,25.0866496,121.5107238
11,臺北市士林區忠義社區發展協會,士林區,忠誠里,臺北市士林區忠誠里德行東路104巷9弄8號旁里民活動中心,02-28310943,25.1066967,121.5289939
12,臺北市士林區富光里辦公處,士林區,富光里,臺北市士林區富光里葫蘆街62號,02-28160879,25.08085,121.5087503
13,臺北市士林區福順里辦公處,士林區,福順里,臺北市士林區福順里延平北路5段136巷24號(福順里里民活動場所),02-28160989,25.0820854,121.5114478
14,財團法人臺北市松年長春社會福利基金會(士林),士林區,天山里,臺北市士林區天山里中山北路7段122號3樓,02-28723425,25.1224019,121.5321052
15,社團法人台北市士林全人關懷協會,士林區,福德里,臺北市士林區福德里中正路335巷9號&11號,0953-469293,25.0940496,121.5232797
16,台灣健康社區自主發展協會,士林區,三玉里,臺北市士林區三玉里德行東路203巷2號1樓,02-28369493,25.1092589,121.5322353
17,台北市劍橋有愛全人關懷協會,士林區,百齡里,臺北市士林區百齡里福港街244巷3號1樓臺北市士林區百齡里福港街244巷4號2樓,0918-090527,25.0842964,121.5172144
18,社團法人中華仁親社區關懷協會,士林區,義信里,臺北市士林區義信里基河路128號2樓,0956-885626,25.0885079,121.5233244
19,財團法人福智慈善基金會(天母),士林區,蘭興里,臺北市士林區蘭興里中山北路6段243號1樓,02-28382503#0,25.1092337,121.5251501
20,臺北市士林區芝山岩社區發展協會,士林區,名山里,臺北市士林區名山里雨聲街68號(芝山岩區民活動中心),0911-328596,25.1036648,121.5288741
21,財團法人台北市華夏婦女文教基金會,士林區,岩山里,臺北市士林區岩山里至誠路1段62巷28號,02-28318025,25.1010597,121.5372188
22,臺北市士林區幸福名山社區發展協會,士林區,名山里,臺北市士林區名山里雨聲街68號(芝山岩區民活動中心),0932-353435,25.1036648,121.5288741
23,財團法人台灣聖公會(牧愛堂),士林區,後港里,臺北市士林區後港里中正路511號,02-28816317,25.0913588,121.5174651
24,財團法人臺北市現代悅齡社會福利基金會,士林區,福佳里,臺北市士林區福佳里華聲街17號5樓,02-27565010,25.096592,121.5225494
25,台北海洋學校財團法人台北海洋科技大學,士林區,富洲里,臺北市士林區富洲里延平北路9段212號,0955-907688,25.1081747,121.471137
26,臺北市士林海光社區發展協會,士林區,富光里,臺北市士林區富光里葫蘆街86號1樓,0953-022989,25.0818787,121.5083523
27,臺北市士林區東山里辦公處,士林區,東山里,臺北市士林區東山里士東路320巷2號1樓,0986-666969,25.113504,121.538604
28,臺北市天母全人關懷協會,士林區,天玉里,臺北市士林區天玉里中山北路7段81巷7號B2樓,02-28746222,25.1217666,121.5303175
29,財團法人陽明山基督教天母禮拜堂,士林區,天母里,臺北市士林區天母里中山北路7段216巷1號,02-28711622#25,25.1258702,121.5330052
30,天主教耕莘醫療財團法人永和耕莘醫院(大龍老人住宅),大同區,至聖里,臺北市大同區至聖里民族西路105號4樓及4樓之1,02-66178186,25.0687846,121.5170522
31,臺北市大同區大有里辦公處,大同區,大有里,臺北市大同區大有里民樂街115號1樓,02-25577229,25.057481,121.510681
32,社團法人中華國際照顧發展協會,大同區,南芳里,臺北市大同區南芳里迪化街1段296號,02-25505567 0910-381106,25.0609526,121.5094186
33,社團法人中華萌愛關懷協會,大同區,蓬萊里,臺北市大同區蓬萊里承德路3段60號B1,02-25931138,25.0653101,121.5180203
34,臺北市大同區玉泉里辦公處,大同區,玉泉里,臺北市大同區玉泉里西寧北路11號,0979-305833,25.0523116,121.5086659
35,社團法人中華視障安養福利協會,大同區,隆和里,臺北市大同區隆和里伊寧街37號1樓,02-25952872,25.0647371,121.5122298
36,財團法人臺北市松年長春社會福利基金會(大橋),大同區,景星里,臺北市大同區景星里迪化街2段65號、67號1樓,02-25974784,25.064832,121.5094468
37,財團法人台北市建成基督長老教會,大同區,建泰里,臺北市大同區建泰里承德路1段77巷29號1樓,02-25580685,25.0521949,121.5202958
38,社團法人中華無齡酷活協會,大同區,保安里,臺北市大同區保安里重慶北路3段313巷25號2樓,0914-000083,25.0742327,121.5149002
39,臺北市大同區圓環社區發展協會,大同區,建功里,臺北市大同區建功里重慶北路1段83巷37號,0935-604700,25.0495802,121.5136357
40,財團法人一粒麥子社會福利慈善事業基金會,大同區,光能里,臺北市大同區光能里承德路2段33之1號1樓、33號2樓,02-23320669#12,25.0546795,121.5184019
41,臺北市大同區柴寮仔社區發展協會,大同區,民權里,臺北市大同區民權里民權西路172號1樓,0932-844756,25.062729,121.5150317
42,臺北市大同區慶安社區發展協會,大同區,重慶里,臺北市大同區重慶里敦煌路90號1樓臺北市大同區重慶里敦煌路92號1樓,0931-101838,25.0758656,121.5169613
43,社團法人台北市歐伊寇斯OIKOS社區關懷協會,大同區,永樂里,臺北市大同區永樂里延平北路2段60巷2號,02-25588896#633,25.055393,121.5115213
44,臺北市大同信望愛關懷協會(門諾),大同區,至聖里,臺北市大同區至聖里重慶北路3段223巷43、45、47號,0917-899289,25.0705638,121.5155384
45,台北市朝陽服飾材料街區發展協會,大同區,朝陽里,臺北市大同區朝陽里重慶北路2段46巷6號,0936-229268,25.0552017,121.5138158
46,臺北市大同區隆和里辦公處,大同區,隆和里,臺北市大同區隆和里景化街46號,0922-799261,25.0650578,121.5125801
47,財團法人福智慈善基金會(安和據點),大安區,光信里,臺北市大安區光信里信義路4段265巷21弄3號1樓,02-27015861,25.0344478,121.5546889
48,臺北市大安區民炤里辦公處,大安區,民炤里,臺北市大安區民炤里信義路3段31巷5號15-1號1樓;新生南路1段157巷19號3樓,02-27008406,25.0341435,121.5347259
49,臺北市大安區法治里辦公處,大安區,法治里,臺北市大安區法治里通化街192號,0980-403536,25.0261602,121.5529248
50,臺北市大安區群英里辦公處,大安區,群英里,臺北市大安區群英里四維路198巷30弄9號1樓:198巷38弄2、4、8號1樓;198巷42、44號,0911-598530,25.026519,121.5458646
51,社團法人中華民國香柏樹長者社區關懷協會(台電),大安區,大學里,臺北市大安區大學里羅斯福路3段275號3樓,0928-551924,25.0183858,121.5309527
52,社團法人台灣喜樂家族協會(大安),大安區,仁愛里,臺北市大安區仁愛里忠孝東路4段126-19號7樓,0908-807938,25.0414432,121.5441092
53,臺北市大安區新民炤社區發展協會,大安區,民炤里,臺北市大安區民炤里建國南路1段286巷35號1樓、48號1樓,02-27012389,25.0345817,121.5382079
54,財團法人成長文教基金會,大安區,仁慈里,臺北市大安區仁慈里東豐街1號2樓,02-27000657,25.0361475,121.5438732
55,臺北市長立健康樂活協會,大安區,龍陣里,臺北市大安區龍陣里瑞安街75號3樓,0958-918669,25.0281919,121.5411768
56,中華民國紅十字會台灣省分會(新生),大安區,龍坡里,臺北市大安區龍坡里新生南路3段20-1號4樓,02-23630098,25.0242363,121.534439
57,社團法人台灣愛鄰社區服務協會,大安區,龍門里,臺北市大安區龍門里新生南路3段11巷15號1樓、3樓,02-23623022#8713,25.0251767,121.5366951
58,社團法人台灣厝邊有愛關懷協會(台北和平),大安區,龍安里,臺北市大安區龍安里和平東路1段183巷9號1樓;11弄1號1樓,02-23510087#201,25.0263477,121.5330343
59,臺北市大安區錦泰里辦公處,大安區,錦泰里,臺北市大安區錦泰里杭州南路2段61巷6號1樓;杭州南路2段65巷10號1樓,02-23918123,25.0297071,121.5227893
60,臺北市大安區錦町社區發展協會,大安區,錦安里,臺北市大安區錦安里潮州街130巷3號1樓;永康街60號4樓,0928-494909,25.0285555,121.527565
61,臺北市大安區住安社區發展協會,大安區,住安里,臺北市大安區住安里信義路4段30巷27弄24號1、2樓,02-27550387,25.0321507,121.545737
62,社團法人中華民國香柏樹長者社區關懷協會(台大),大安區,大學里,臺北市大安區大學里新生南路3段86號4樓、8樓、9樓,0988-790144,25.0186006,121.5331196
63,財團法人台北市城東基督長老教會,大安區,建倫里,臺北市大安區建倫里安和路1段45號1樓、43號2樓、47號3樓,02-27711282,25.039561,121.5505587
64,社團法人中華生命關愛協會,大安區,芳和里,臺北市大安區芳和里和平東路3段212巷12號,0922-407837,25.026482,121.533964
65,臺北市大安區永康里辦公處,大安區,永康里,臺北市大安區永康里金華街199巷3弄6號1樓,0931-234954,25.030536,121.528429
66,臺北市大安區大學里辦公處,大安區,大學里,臺北市大安區大學里溫州街74巷2弄4號1樓、新生南路3段86號,02-23622674,25.0199543,121.5327674
67,臺北市大安區龍陣里辦公處,大安區,龍陣里,臺北市大安區龍陣里瑞安街75號3樓,0958-918669,25.0281919,121.5411768
68,財團法人台灣基督長老教會大安教會,大安區,群賢里,臺北市大安區群賢里和平東路3段1巷51號,0939-431678,25.026482,121.533964
69,社團法人臺北市永健長青促進協會,大安區,龍陣里,臺北市大安區龍陣里瑞安街71巷5弄1號1樓;瑞安街75號3樓;新龍里信義路3段134巷82號2樓,0932-384519,25.0281623,121.5416701
70,臺北市大安區古風里辦公處,大安區,古風里,臺北市大安區古風里泰順街54巷23號臺北市大安區龍坡里辛亥路1段臨141號,0988-179816,25.0229304,121.5294758
71,臺北市大安區全安里辦公處,大安區,全安里,臺北市大安區全安里和平東路3段119巷25號1樓,0988-179836,25.02644,121.5332197
72,社團法人台灣厝邊有愛關懷協會(六張犁),大安區,黎元里,臺北市大安區黎元里臥龍街215號,02-27329041 0910-103200,25.0185119,121.5535662
73,社團法人台灣德安社會福利協會(大安老人服務暨日間照顧中心),大安區,德安里,臺北市大安區德安里四維路76巷12號,02-27086255,25.0342045,121.5473046
74,國立臺灣師範大學學務處全人教育中心,大安區,錦安里,臺北市大安區錦安里和平東路1段129號,02-77496786,25.0274561,121.5285368
75,臺北市大安區錦華里辦公處,大安區,錦華里,臺北市大安區錦華里杭州南路2段93巷1-1號;潮州街68號,0988-179824,25.0286154,121.5221514
76,臺北市大安區古莊里辦公處,大安區,古莊里,臺北市大安區古莊里浦城街16巷2號,02-23696193,25.02362,121.5266297
77,台北市通化玫瑰社會關懷協會,大安區,法治里,臺北市大安區法治里通化街178號1樓,0921-893081,25.0275589,121.5532941
78,臺北市大安區安東社區發展協會,大安區,誠安里,臺北市大安區誠安里安東街28號1樓、31之1號1樓;臺北市中山區埤頭里市民大道3段209號1樓,0932-154320,25.0454213,121.543015
79,臺北市大安區古莊社區發展協會,大安區,古莊里,臺北市大安區古莊里羅斯福路2段81巷16弄1-2號2樓:浦城街16巷2號,02-23696262,25.0255496,121.5245957
80,臺北市大安區大安新龍社區發展協會,大安區,新龍里,臺北市大安區新龍里信義路3段134巷98號1樓:82號2樓,02-7067771,25.0290764,121.5389947
81,臺北市大安區光明里辦公處,大安區,光明里,臺北市大安區光明里信義路2段86巷26號,0928-924384,25.0337801,121.5258274
82,臺北市大安區古風社區發展協會,大安區,古風里,臺北市大安區古風里師大路117巷1、3號(芒果香草園)龍坡里辛亥路1段臨141號(辛亥區活),0910-951259,25.0222495,121.5286446
83,財團法人台北市中山基督長老教會,中山區,正得里,臺北市中山區正得里林森北路62號臺北市中山區正得里中山北路1段53巷23號,0987-369783,25.0489614,121.5242278
84,財團法人新北市基督教新希望教會(新喜),中山區,新喜里,臺北市中山區新喜里吉林路433巷17號,02-25993693,25.0670215,121.5313213
85,財團法人新北市基督教新希望教會(中山五常),中山區,下埤里,臺北市中山區下埤里龍江路377巷20號1樓,0976-180539,25.0646843,121.5421459
86,臺北市中山區朱厝崙社區發展協會,中山區,朱崙里,臺北市中山區朱崙里龍江路15號3樓(朱崙區民活動中心),02-27815504 0936-096604,25.0475413,121.5405446
87,臺北市中山區晴光里辦公處,中山區,晴光里,臺北市中山區晴光里雙城街18巷20號,0981-201026,25.0653711,121.5230588
88,社團法人臺北市基督教合江拿撒勒人會,中山區,江寧里,臺北市中山區江寧里合江街127巷6號,0911-781607,25.0606278,121.539633
89,財團法人臺北市松年長春社會福利基金會(中山),中山區,行仁里,臺北市中山區行仁里龍江路318巷7號1樓,02-25000206,25.0648629,121.5404259
90,社團法人台灣厝邊有愛關懷協會(中興教會),中山區,江山里,臺北市中山區江山里復興北路280巷8號,0928-131257,25.0585956,121.5433582
91,社團法人臺北市中山區大直社區發展協會(大直一),中山區,大直里,臺北市中山區大直里大直街21巷2號4樓,0916-780645,25.0816436,121.5468816
92,財團法人台灣老人急重症基金會(聚盛據點),中山區,聚盛里,臺北市中山區聚盛里民生東路1段23巷2號臺北市中山區民生東路1段42號7樓之3,02-25224388,25.0582855,121.5243319
93,財團法人台灣老人急重症基金會(中山據點),中山區,中山里,臺北市中山區中山里中山北路2段77巷14號3樓,02-25224388,25.05737,121.524349
94,財團法人台灣老人急重症基金會(龍洲據點),中山區,龍洲里,臺北市中山區龍洲里民生東路3段88巷1號1樓,02-25224388,25.0576214,121.5417828
95,社團法人臺北市中山區大直社區發展協會,中山區,大直里,臺北市中山區大直里大直街1號4樓,0916-780645,25.0805188,121.5468794
96,社團法人台北市家庭照顧者關懷協會,中山區,北安里,臺北市中山區北安里北安路805巷4弄5號地下,0916-780645,25.0862564,121.5543684
97,財團法人台北市台北中華基督教會,中山區,康樂里,臺北市中山區康樂里中山北路2段45巷39號,0932-256884,25.0545129,121.5249793
98,台北市敬老協會,中山區,中原里,臺北市中山區中原里新生北路2段41巷7號1樓;新生北路2段53之3號2樓;南京東路1段35號1樓,02-25819955,25.0553994,121.5283293
99,社團法人臺北市生命樹健康關懷協會,中山區,永安里,臺北市中山區永安里北安路458巷41弄50號,0932-314995,25.0789041,121.5465332
100,財團法人味全文化教育基金會,中山區,中央里,臺北市中山區中央里松江路125號4樓,02-25065001,25.0531691,121.5334641
101,臺北市復華長青多元服務中心(社團法人中華民國士林靈糧堂社會福利協會),中山區,復華里,臺北市中山區復華里遼寧街185巷11號,02-27171393*16,25.0534368,121.5427985
102,財團法人環宇國際文化教育基金會,中正區,文盛里,臺北市中正區文盛里羅斯福路3段240巷17弄3號、臺北市中正區水源路臨28號,02-23641334,25.0176349,121.5290591
103,臺北市中正區永寬社區發展協會,中正區,永昌里,臺北市中正區永昌里寧波西街181巷8號1樓,0935-272021,25.0266493,121.5104644
104,臺北市永昌長青會,中正區,永昌里,臺北市中正區永昌里寧波西街181巷24號1樓,02-23071068,25.026537,121.510054
105,臺北市中正區新林興社區發展協會,中正區,林興里,臺北市中正區林興里汀州路3段27巷16號;水源路臨28號;汀州路3段2號,0932-235425,25.0196889,121.527328
106,台北市寶藏巖文化村協會,中正區,水源里,臺北市中正區水源里汀州路3段230巷14弄10號臺北市中正區羅斯福路4段92號4樓,0926-579112,25.0105669,121.5324161
107,財團法人臺北市松年長春社會福利基金會(中正),中正區,南福里,臺北市中正區南福里羅斯福路1段94、96號11樓(中央教會),0932-862740,25.0241961,121.5248845
108,財團法人伽耶山基金會,中正區,文北里,臺北市中正區文北里濟南路2段36號2樓3樓、4樓,02-23946800#404,25.0406143,121.5295905
109,財團法人台北市中國基督教靈糧世界佈道會台北靈糧堂(古亭靈糧福音中心),中正區,永功里,臺北市中正區永功里三元街198號1樓、2樓:218號,02-23396540,25.0276511,121.5119608
110,社團法人中華民國愛之語全人關懷教育協會中正據點,中正區,南福里,臺北市中正區南福里羅斯福路2段44號2樓,02-23215690,25.0279578,121.5214365
111,臺北市中正區欣龍興社區發展協會,中正區,龍興里,臺北市中正區龍興里三元街131號4樓,0917-522883,25.0283,121.511
112,台北市愛羊全人關懷協會,中正區,龍光里,臺北市中正區龍光里和平西路2段15號1樓、17號2樓,02-23048578,25.0282933,121.5138713
113,台灣旺齡協會,中正區,頂東里,臺北市中正區頂東里羅斯福路3段84巷13、15號1樓,02-2368-0690,25.0216107,121.5268154
114,財團法人耕莘文教基金會,中正區,文盛里,臺北市中正區文盛里辛亥路1段22號4樓,02-23655615#316,25.00046,121.5545729
115,中華全齡關懷協會(博愛),中正區,光復里,臺北市中正區光復里博愛路134號10樓,02-55740079,25.0429683,121.5113287
116,財團法人中華基督教廈門街浸信會,中正區,螢圃里,臺北市中正區螢圃里廈門街81巷20號,02-23687582#213,25.0243156,121.5192916
117,臺北市廣西同鄉會,中正區,梅花里,臺北市中正區梅花里忠孝東路1段35號7樓,0936-227747,25.0452974,121.5216527
118,社團法人臺北市臻佶祥社會服務協會,中正區,忠勤里,臺北市中正區忠勤里中華路2段315巷14、16、18號,02-23036281,25.028344,121.5069829
119,臺北市中正區新營共好社區發展協會,中正區,新營里,臺北市中正區新營里金華街20號,0978-865756,25.0316513,121.5204356
120,臺北市內湖區湖興里辦公處,內湖區,湖興里,臺北市內湖區湖興里成功路2段320巷19號3樓,02-27914586,25.0676901,121.5899871
121,財團法人福智慈善基金會(東湖據點),內湖區,五分里,臺北市內湖區五分里東湖路106巷2號、6號、8號1樓,0933-922709,25.068302,121.6154551
122,財團法人福智慈善基金會(內湖據點),內湖區,內湖里,臺北市內湖區內湖里內湖路2段486、488號3樓,02-27963275,25.0843044,121.5933473
123,臺北市內湖區清白社區發展協會,內湖區,清白里,臺北市內湖區清白里星雲街168巷29號1樓臺北市內湖區清白里星雲街161巷3號(清白區民活動中心),0988-117571,25.0811491,121.596101
124,財團法人基督教中國佈道會,內湖區,康寧里,臺北市內湖區康寧里康寧路3段99巷39弄66號,0920-432363,25.0742611,121.6106047
125,財團法人基督教台灣信義會(內湖思恩堂),內湖區,紫星里,臺北市內湖區紫星里康寧路1段62號,0936-649973,25.0757493,121.6094778
126,康寧學校財團法人康寧大學,內湖區,金湖里,臺北市內湖區金湖里康寧路3段75巷137號,02-26321181#683,25.0754813,121.6095569
127,臺北市內湖區石潭社區發展協會,內湖區,石潭里,臺北市內湖區石潭里成功路2段1號,0929-571110,25.0620782,121.5910579
128,臺北市內湖區紫雲社區發展協會,內湖區,紫雲里,臺北市內湖區紫雲里康寧路1段228號1樓,02-27913337 0933-405308,25.0757493,121.6094778
129,臺北市內湖社區安全與健康協進會,內湖區,寶湖里,臺北市內湖區寶湖里民權東路6段208號,0928-598601,25.0668288,121.5965738
130,財團法人台灣基督教恩惠福音會,內湖區,港墘里,臺北市內湖區港墘里內湖路1段608號,02-27971000,25.0823089,121.5683655
131,臺北市內湖區安泰里社區發展協會,內湖區,安泰里,臺北市內湖區安泰里安泰街65巷5號1樓,0917-979715,25.0749478,121.6171464
132,社團法人臺北市麗山社區關懷協會,內湖區,港都里,臺北市內湖區港都里麗山街348巷22號1-2樓及24號2樓,0921-057599,25.081954,121.5742339
133,臺北市內湖區灣仔社區發展協會,內湖區,寶湖里,臺北市內湖區寶湖里民權東路6段208號6樓(臺北市網球中心6樓),0961-365388,25.0675708,121.596956
134,財團法人基督教救世軍(內湖隊),內湖區,西湖里,臺北市內湖區西湖里9鄰內湖路1段285巷63弄7號,0972-272756,25.083938,121.5670711
135,台北市內湖紳士協會,內湖區,港墘里,臺北市內湖區港墘里內湖路1段552號(港墘區民活動中心),0918-819089,25.0787637,121.577007
136,中華民國天使之家全人關懷協會,內湖區,湖興里,臺北市內湖區湖興里成功路2段242號1樓,0920-325521,25.065888,121.5900616
137,臺北市內湖區碧湖社區發展協會,內湖區,金龍里,臺北市內湖區金龍里金龍路136-1號2樓,0935-190396,25.0857648,121.590059
138,財團法人台福基督教會,內湖區,碧山里,臺北市內湖區碧山里內湖路3段143巷7號1樓,02-87928125,25.0871243,121.5896464
139,臺北市內湖區碧湖社區發展協會(金瑞據點),內湖區,金瑞里,臺北市內湖區金瑞里內湖路3段348巷6號(延平宮),0935-245293,25.091276,121.5833733
140,社團法人社區大學全國促進會,內湖區,石潭里,臺北市內湖區石潭里新明路22號純美樓3樓,02-66050919#215,25.0603327,121.5905378
141,財團法人臺北市松年長春社會福利基金會(開元),文山區,木新里,臺北市文山區木新里開元街25、27號,02-29393480,24.9891607,121.5697605
142,臺北市文山區興旺社區發展協會,文山區,興旺里,臺北市文山區興旺里福興路5號,0936-048808,25.0022154,121.5513837
143,臺北市文山區興昌里辦公處,文山區,興昌里,臺北市文山區興昌里辛亥路4段199號,0960-604305,25.0026702,121.5557711
144,台北市文山區景慶社區發展協會,文山區,景慶里,臺北市文山區景慶里景福街159號,0922-313747,24.995373,121.536782
145,臺北市文山區順興里辦公處,文山區,順興里,臺北市文山區順興里保儀路138巷28號2樓;忠順街2段22號2樓(忠順區活)、中崙路13號(忠順廟),0934-143675,24.984471,121.5655202
146,台灣美滿家庭社區服務協會,文山區,萬興里,臺北市文山區萬興里指南路2段11號,0963-328599,24.9884429,121.5734331
147,臺北市文山區華興里辦公處,文山區,華興里,臺北市文山區華興里木柵路1段264號;木柵路1段311巷1號;木柵路2段2巷,0905-991580,25.0250117,121.5450092
148,臺北市文山老人服務暨日間照顧中心(財團法人恆安社會福利慈善事業基金會),文山區,興安里,臺北市文山區興安里興隆路2段88之3號1樓,02-22344893,24.9998821,121.548717
149,臺北市文山區景人社區發展協會,文山區,景仁里,臺北市文山區景仁里景福街5號1樓,0937-939606,24.9993672,121.5392681
150,台灣迦美福音傳播協會,文山區,景華里,臺北市文山區景華里三福街74巷2號1樓,0932-209329 0939-910698,24.9976063,121.5443476
151,社團法人臺北市文山區三福社區發展協會,文山區,萬有里,臺北市文山區萬有里興隆路1段238之1號1樓,0988-622378,24.999017,121.5453128
152,中華民國紅心字會(興隆),文山區,明義里,臺北市文山區明義里興隆路4段105巷47號B棟1樓,02-29367119,24.9881877,121.5629351
153,臺北市文山區萬美里辦公處,文山區,萬美里,臺北市文山區萬美里萬美街2段2巷6號1樓;萬和街2號(萬芳4號公園教室),0972-246039,25.00309,121.5622107
154,社團法人中華恆動能健康促進協會(興安),文山區,興安里,臺北市文山區興安里興隆路2段88之2號1樓、5樓(5F興安區民活動中心、5F文山婦女支持培力中心),0912-868531,25.000355,121.5490035
155,臺北市文山區樟林社區發展協會,文山區,樟腳里,臺北市文山區樟腳里恆光街45號7樓和8樓,0936-694012,24.9824335,121.5673037
156,台北市視尾關懷互助協會,文山區,景慶里,臺北市文山區景慶里萬慶街6號;臺北市文山區景福街281號;臺北市文山區羅斯福路6段393號6~9樓,02-89351788,24.9922808,121.540284
157,財團法人臺北市松年長春社會福利基金會(景華),文山區,景華里,臺北市文山區景華里景華街49巷1號,02-25000261,24.9952774,121.5427611
158,財團法人利伯他茲教育基金會,文山區,木新里,臺北市文山區木新里永安街1號,02-29394359,24.9874482,121.5702677
159,社團法人台北市文山區明興社區發展協會,文山區,明興里,臺北市文山區明興里木柵路2段109巷25弄6號;興隆路4段61號,0917-556568,24.990145,121.562851
160,台北市文山區順興社區發展協會,文山區,順興里,臺北市文山區順興里興隆路4段165巷12號1、2樓(協會活動會所);忠順街2段22號2樓(忠順區民活),0935-859237,24.9840629,121.5626204
161,社團法人中華民國沐光家園癌友關懷協會,文山區,興業里,臺北市文山區興業里興隆路2段220巷51-1號,0922-323338,24.9996658,121.5520065
162,臺北市文山區萬盛里辦公處,文山區,萬盛里,臺北市文山區萬盛里興隆路1段15號3樓,0972-246012,25.0041559,121.5391666
163,臺北市文山區樟新社區發展協會,文山區,樟新里,臺北市文山區樟新里一壽街22號9樓,0905-156910,24.9796917,121.5564657
164,臺北市文山區興福里辦公處,文山區,興福里,臺北市文山區興福里景華街121巷7弄1號,0939-159495,24.996212,121.5467867
165,臺北市文山區政大里辦公處,文山區,政大里,臺北市文山區政大里政大二街51號,0975-586970,24.9868658,121.5834222
166,社團法人中華民國香柏樹長者社區關懷協會(樟新),文山區,樟新里,臺北市文山區樟新里實踐段三小段789地號,0911-183802,24.982055,121.5618619
167,臺北市文山區萬和社區發展協會,文山區,萬和里,臺北市文山區萬和里汀州路4段251號1樓、253號1樓;萬福區民活動中心,02-89310117,25.0019951,121.5359097
168,臺北市文山區忠順社區發展協會,文山區,忠順里,臺北市文山區忠順里興隆路4段145巷9弄3號;興隆路4段145巷30號;忠順街2段22號2樓,0953-229598,24.9852731,121.5620053
169,社團法人臺北市文山區德芳社區發展協會,文山區,興邦里,臺北市文山區興邦里興隆路2段153巷6弄5號1樓;興隆路2段97號4樓,0952-572176,25.0012313,121.5480853
170,社團法人台北市基督教萬芳浸信會,文山區,萬芳里,臺北市文山區萬芳里萬美街1段19巷5號、5-1號,0989-549622,25.0011361,121.5662678
171,社團法人台北市北投區吉慶社區發展協會,北投區,吉慶里,臺北市北投區吉慶里致遠二路61巷2-2號1、2樓,02-28282002,25.1149658,121.5114263
172,社團法人台灣守護有祢生命關懷協會(守護八禱小站),北投區,立農里,臺北市北投區立農里吉利街231號1樓,0983-108777,25.1190201,121.509483
173,社團法人中華健康美好生活協會(洲美),北投區,洲美里,臺北市北投區洲美里福美路207號,0910-302055,25.1002936,121.5050509
174,社團法人台灣守護有祢生命關懷協會(守護復興崗小站),北投區,稻香里,臺北市北投區稻香里稻香路81號6樓(第一教室),0983-108777,25.1409231,121.4892943
175,臺北市北投區硫磺谷社區發展協會,北投區,文化里,臺北市北投區稻香里稻香路81號6樓(稻香區民活動中心)及臺北市北投區文化里文化三路48號1樓,0910-412056,25.1409183,121.4893742
176,臺北市北投區新石牌社區發展協會,北投區,石牌里,臺北市北投區石牌里自強街120巷15弄8號,0919-252656,25.1103163,121.5162782
177,社團法人中華仁親社區關懷協會(北投好厝邊),北投區,中心里,臺北市北投區中心里大業路721號1樓,0933-057832,25.1373166,121.5021377
178,台北市石牌全人關懷協會,北投區,榮華里,臺北市北投區榮華里明德路281號1樓臺北市北投區榮華里明德路283號2樓,0956-728508,25.1150161,121.5221883
179,財團法人台北市北投文化基金會,北投區,林泉里,臺北市北投區林泉里中山路5-12號,02-28917453,25.1377692,121.5089248
180,臺北市北投區振華社區發展協會,北投區,振華里,臺北市北投區振華里裕民一路40巷37號1樓,02-28236110,25.1152229,121.517753
181,台北市北投區福興社區發展協會,北投區,福興里,臺北市北投区福興里自強街5巷22號,0955-404968,25.1104864,121.5124209
182,臺北市北投區我愛石牌社區發展協會,北投區,石牌里,臺北市北投區石牌里建民路116巷13號,0921-895893,25.109843,121.517891
183,臺北市北投區開明社區發展協會,北投區,開明里,臺北市北投區開明里永興路2段8號,0912-818252,25.139828,121.4988651
184,臺北市北投區幸福永和社區發展協會,北投區,永和里,臺北市北投區永和里行義路63號,0928-868298,25.1262348,121.5279581
185,臺北市北投區永和社區發展協會,北投區,永和里,臺北市北投區永和里行義路138-1號1樓,0910-069290,25.129609,121.528045
186,臺北市北投區榮光社區發展協會,北投區,榮光里,臺北市北投區榮光里石牌路1段166巷43弄15號,0910-911378,25.1133685,121.510814
187,台北市石牌長青會,北投區,長安里,臺北市北投區長安里中央北路1段12號3樓及4樓,02-28922200,25.1328975,121.475307
188,臺北市北投區清江社區發展協會,北投區,清江里,臺北市北投區清江里清江路201號、清江路218號1、2樓,02-28922543,25.127206,121.5017293
189,社團法人台灣愛喜樂關懷協會,北投區,裕民里,臺北市北投區裕民里明德路161號1樓及地下2樓方舟教室,02-28224466,25.1114677,121.5206635
190,臺北市北投區立群社區發展協會,北投區,立賢里,臺北市北投區立賢里尊賢街251巷18號1樓(里民活動場所),02-28225613,25.1177274,121.5055735
191,社團法人國際奔享體驗教育發展協會(吉利真光),北投區,吉利里,臺北市北投區吉利里石牌路1段39巷80弄41號1樓,02-28288884,25.1133685,121.510814
192,臺北市北投區建民里辦公處,北投區,建民里,臺北市北投區建民里文林北路36號,0906-905025,25.1047321,121.5188032
193,社團法人國際奔享體驗教育發展協會(稻香真光),北投區,稻香里,臺北市北投區稻香里稻香路85號1樓,02-28288884,25.1409522,121.4888625
194,臺北市北投區文林里辦公處,北投區,文林里,臺北市北投區文林里致遠一路1段9號;致遠一路1段10巷8號1樓(H66教會),02-28231156,25.1075163,121.5176127
195,社團法人台灣多元社會福利協會(溫馨園),北投區,溫泉里,臺北市北投區溫泉里溫泉路68-10號,02-28927001,25.134963,121.504925
196,財團法人基督教拿撒勒人會(關渡據點),北投區,關渡里,臺北市北投區關渡里知行路260巷26號,0975-661071,25.1208389,121.4683428
197,財團法人臺安基金會(基督復臨安息日會松山教會),松山區,福成里,臺北市松山區福成里敦化南路1段78號,02-27716823,25.047036,121.547877
198,臺北市松山區建源社區發展協會,松山區,復建里,臺北市松山區復建里八德路3段158巷7弄20號(復建區民活動中心)、八德路3段158巷7弄47號,02-25791689,25.0473377,121.5560781
199,社團法人中國老人教育協會,松山區,自強里,臺北市松山區自強里三民路35巷9號1、2樓(一樓活動中心、二樓健安新城),02-27565010,25.0551954,121.5624655
200,社團法人愛樂福關懷文創發展協會,松山區,莊敬里,臺北市松山區莊敬里撫遠街367巷4號1樓,0972-866848,25.0638126,121.5661322
201,社團法人台北市向日葵慈善協會,松山區,東勢里,臺北市松山區東勢里南京東路4段133巷7弄9號1樓、7號1樓,02-87706501#22,25.0518,121.5553991
202,財團法人中華基督教衛理公會恩友堂,松山區,安平里,臺北市松山區安平里寶清街123號,02-27670760,25.0541612,121.5675772
203,臺北市松山區東勢里辦公處,松山區,東勢里,臺北市松山區東勢里南京東路4段133巷8弄17號,0988-179575,25.0513931,121.5546859
204,世界潘氏宗親總會,松山區,東光里,臺北市松山區東光里南京東路5段29之3號3樓,02-27678497,25.0518277,121.5574266
205,社團法人台北市光鹽關懷發展協會,松山區,東勢里,臺北市松山區東勢里南京東路4段107號12樓,02-27123242,25.0518739,121.5546651
206,中華樂活推廣協會,松山區,富錦里,臺北市松山區富錦里三民路136巷3號1樓,0937-073980,25.0606379,121.563667
207,財團法人伊甸社會福利基金會,松山區,復勢里,臺北市松山區復勢里八德路3段155巷4弄35號1樓,02-25702560,25.0489529,121.5557307
208,臺北市松山區中正里辦公處,松山區,中正里,臺北市松山區中正里長安東路2段229號12樓,0937-031518,25.0483776,121.5274187
209,財團法人雙福社會福利慈善事業基金會(蒙恩),松山區,復勢里,臺北市松山區復勢里光復北路112號8樓,0921-962292,25.0508432,121.5576923
210,臺北市松山區慈祐里辦公處,松山區,慈祐里,臺北市松山區慈祐里八德路4段580號1樓,0988-587216,25.0496853,121.5720034
211,財團法人台北市私立永年社會福利慈善基金會,松山區,復勢里,臺北市松山區復勢里光復北路80巷1號1樓,02-25786677轉2232,25.0501986,121.5574079
212,臺北市松山區精忠里辦公處,松山區,精忠里,臺北市松山區精忠里民生東路4段133號1樓,0935-934403,25.057634,121.5376951
213,財團法人弘道老人福利基金會(松山),松山區,民福里,臺北市松山區民福里復興北路451號1樓,02-66131314,25.0639844,121.544483
214,財團法人臺北市松年長春社會福利基金會(松山),松山區,慈祐里,臺北市松山區慈祐里饒河街105號1樓、2樓、3樓,0983-180401,25.0506047,121.573946
215,社團法人台北市二村基石關懷協會,松山區,東榮里,臺北市松山區東榮里民生東路5段69巷2弄10號、12號,02-27632002,25.0597046,121.5584521
216,財團法人台北市民生社區基督教會,松山區,三民里,臺北市松山區三民里民生東路5段138巷3號3樓之7,0901-355104,25.059321,121.562048
217,財團法人中華民國佛教慈濟慈善事業基金會(松山聯絡處),松山區,吉祥里,臺北市松山區吉祥里南京東路5段188號16樓,02-82281628#56,25.0518277,121.5574266
218,社團法人台北市長期照護發展協會,松山區,自強里,臺北市松山區自強里三民路35巷9號1樓,02-27420058,25.0551954,121.5624655
219,社團法人台北市銀髮族協會(松山),松山區,安平里,臺北市松山區安平里寶清街42號1樓、2樓,0958-526511,25.0531716,121.5676076
220,臺北市松山區安平社區發展協會,松山區,安平里,臺北市松山區安平里寶清街42號1樓、2樓,02-87806411,25.0531716,121.5676076
221,臺北市信義區國業里辦公處,信義區,國業里,臺北市信義區國業里虎林街222巷15號,02-27262518,25.0370782,121.5769411
222,臺北市信義區三犁里辦公處,信義區,三犁里,臺北市信義區三犁里信義路5段150巷14弄6號1樓,0932-784861,25.0284117,121.5694235
223,臺北市信義區安康里辦公處,信義區,安康里,臺北市信義區安康里虎林街232巷55號,0937-853597,25.0358654,121.5761703
224,臺北市信義區老人服務中心(中華民國紅心字會),信義區,大仁里,臺北市信義區大仁里大道路116號5樓之3,02-87870300,25.03777,121.5813853
225,財團法人台北市中華基督教信義會(復興堂),信義區,中興里,臺北市信義區中興里信義路4段375號10樓之2,02-27200440,25.033297,121.5577964
226,臺北市信義區西村里辦公處,信義區,西村里,臺北市信義區西村里基隆路1段364巷22號,02-27586396,25.0419415,121.5653136
227,社團法人台北市銀髮族協會(信義),信義區,中坡里,臺北市信義區中坡里中坡南路277號1樓,0958-526511,25.0388254,121.5842752
228,臺北市信義區永安社區發展協會,信義區,長春里,臺北市信義區長春里松山路294號4樓(永春區民活動中心),0963-763236,25.0431291,121.5774477
229,台灣沐風關懷協會,信義區,新仁里,臺北市信義區新仁里忠孝東路4段563號2樓、5樓,0918-771757,25.0409687,121.5650196
230,社團法人台灣厝邊有愛關懷協會(永吉教會),信義區,廣居里,臺北市信義區廣居里虎林街155、157、159號1樓,02-27238578,25.0394434,121.5768521
231,臺北市信義區景聯里辦公處,信義區,景聯里,臺北市信義區景聯里基隆路2段39巷37弄2號,0900-602217,25.0306682,121.5600567
232,財團法人臺北醫學大學展齡中心(信義),信義區,景勤里,臺北市信義區景勤里吳興街156巷16弄7號1樓,02-27361661#2774,25.0288592,121.5608387
233,臺北市信義區惠安里辦公處,信義區,惠安里,臺北市信義區惠安里吳興街506巷21號,02-27588650,25.0230002,121.5685041
234,社團法人台北市信義區雙和社區發展協會,信義區,雙和里,臺北市信義區雙和里吳興街284巷24弄12號,02-27381447,25.0242953,121.5631423
235,台北市紅十字會,信義區,中興里,臺北市信義區中興里信義路4段415號5樓之3,02-27583009,25.0333496,121.5593845
236,台北市君賀人本關懷協會,信義區,中行里,臺北市信義區中行里福德街221巷15號(瑠公國中),02-23278616,25.0370894,121.5854371
237,台灣體適能健康促進協會(黎忠),信義區,黎忠里,臺北市信義區黎忠里和平東路3段391巷16號2樓,0938-598298,25.0203454,121.5581494
238,台灣體適能健康促進協會(黎平),信義區,黎平里,臺北市信義區黎平里崇德街118、120號1樓,0938-598298,25.0238691,121.5559187
239,臺北市信義區泰和社區發展協會,信義區,泰和里,臺北市信義區泰和里松仁路308巷60號1樓臺北市信義區泰和里松仁路308巷61號,0987-052143,25.0212921,121.5704231
240,中華民國老人福利協進會,信義區,嘉興里,臺北市信義區嘉興里信安街78-80號2樓(連棟),02-27382357,25.0260907,121.5571725
241,財團法人中華民國佛教慈濟慈善事業基金會(東區會所),信義區,永吉里,臺北市信義區永吉里松隆路327號,02-82281628#58,25.0482881,121.5786738
242,臺北醫學大學高齡健康暨長期照護學系(大我新舍),信義區,黎安里,臺北市信義區黎安里和平東路3段599號,02-27361661,25.0002887,121.5735773
243,臺北市信義區中行里辦公處,信義區,中行里,臺北市信義區中行里福德街268巷32號臺北市信義區大仁里大道路116號8樓。,0987-445009,25.039887,121.5857963
244,社團法人台灣厝邊有愛關懷協會(中坡教會),信義區,中坡里,臺北市信義區中坡里大道路127-1號,0909-053076,25.0391641,121.5835872
245,臺北市信義區松光里辦公處,信義區,松光里,臺北市信義區松光里忠孝東路5段492巷32號,02-27278925,25.0405415,121.566819
246,臺北市信義區五全里辦公處,信義區,五全里,臺北市信義區五全里永吉路278巷1弄13號1樓,0921-126652,25.0450599,121.5746124
247,財團法人中華民國大同老人福利基金會,信義區,興雅里,臺北市信義區興雅里基隆路1段155號3樓之6-9,02-27670563,25.0419415,121.5653136
248,財團法人台北市基督教全人福利事業基金會(吳興教會),信義區,三張里,臺北市信義區三張里吳興街269巷18弄4、6、8號,0938-390201,25.0271274,121.5646957
249,臺北市信義區雙春社區發展協會,信義區,長春里,臺北市信義區長春里松山路294號2樓,02-27695123,25.0430691,121.5775774
250,臺北市基督教新榮耀堂福音協進會,信義區,大道里,臺北市信義區大道里忠孝東路5段782號,0921-828764,25.0405415,121.566819
251,臺北市信義區松友社區發展協會,信義區,松友里,臺北市信義區松友里信義路6段76巷2弄22號1樓,02-23466669 0967-149699,25.0344075,121.5760432
252,臺北市信義區挹翠社區發展協會,信義區,六合里,臺北市信義區六合里紫雲街23號1樓,02-27228636,25.0185873,121.5743968
253,財團法人雙福社會福利慈善事業基金會(信義社區照顧關懷據點),信義區,正和里,臺北市信義區正和里光復南路443巷9號臺北市信義區正和里光復南路447-44號,0918-411278,25.0353556,121.5586661
254,財團法人台灣基督傳道會復生教會,南港區,舊莊里,臺北市南港區舊莊里南深路21巷18號1樓,02-27822075,25.0379276,121.6219253
255,臺北市南港區鴻福社區發展協會,南港區,鴻福里,臺北市南港區鴻福里成福路84號1樓,0958-151645,25.0438066,121.5865459
256,臺北市南港區新富里辦公處,南港區,新富里,臺北市南港區新富里富康街25號,0952-167703,25.053651,121.61738
257,臺北市南港區仁福里辦公處,南港區,仁福里,臺北市南港區仁福里福德街443號1樓,0919-619949,25.0396894,121.592693
258,臺北市南港區中研新村社區發展協會,南港區,中研里,臺北市南港區中研里研究院路2段70巷49號1樓;12號2樓:28號1樓,0937-858636,25.0456293,121.6131292
259,社團法人中華基督教加倍愛全人關懷協會,南港區,中南里,臺北市南港區中南里忠孝東路7段625巷16號,0905-818922,25.0457681,121.5828226
260,社團法人台灣厝邊有愛關懷協會(中研教會),南港區,中研里,臺北市南港區中研里研究院路2段11巷5號,0911-186101,25.0466822,121.6158315
261,社團法人台灣多元社會福利協會(瀞德),南港區,西新里,臺北市南港區西新里成功路1段82巷11號,918124780,25.0573882,121.5893813
262,財團法人以琳基督徒中心,南港區,合成里,臺北市南港區合成里中坡北路92號2樓,02-26511002#13,25.047885,121.580579
263,社團法人臺北市南港區舊莊社區發展協會,南港區,舊莊里,臺北市南港區舊莊里舊莊街1段91巷11號,0931-518686,25.0370335,121.6240441
264,臺北市全人探索協會,南港區,玉成里,臺北市南港區玉成里八德路4段768之1號4-6樓,0918-054725,25.0503038,121.5799601
265,臺北市南港區西新里辦公處,南港區,西新里,臺北市南港區西新里成功路1段99號,0908-809805,25.0576142,121.5903452
266,台北市後山埤文化發展協會,南港區,聯成里,臺北市南港區聯成里東新街77巷31號,02-27851737,25.0477391,121.5882798
267,臺北市南港區仁福社區發展協會,南港區,仁福里,臺北市南港區仁福里福德街373巷61號1樓,0917-232297,25.039477,121.5921375
268,社團法人台灣厝邊有愛關懷協會(錫安教會),南港區,玉成里,臺北市南港區玉成里玉成街20號,02-27831891,25.0503564,121.5806486
269,財團法人弘道老人福利基金會,南港區,中南里,臺北市南港區中南里市民大道8段588巷18號,0979-810136,25.0538015,121.6145084
270,臺北市南港區好厝邊社區發展協會,南港區,中研里,臺北市南港區中研里研究院路2段70巷12號2樓,0938-129401,25.0453663,121.6145488
271,臺北市南港區久如社區發展協會,南港區,九如里,臺北市南港區九如里研究院路2段208號1樓,0933-122481,25.0367075,121.617081
272,社團法人中華民國我願意全人關懷協會,南港區,萬福里,臺北市南港區萬福里東新街64巷7、11、13號地下樓;同德路85巷6號1樓,02-27826248,25.047211,121.5855436
273,臺北市萬華區忠德里辦公處,萬華區,忠德里,臺北市萬華區忠德里東園街66巷24弄1號1樓,913303616,25.0248918,121.4956157
274,中華民國雙囍老人義務教育推廣協會,萬華區,壽德里,臺北市萬華區壽德里萬大路411號2樓;南寧路46號(週三雙囍有約美食課在龍山國中烹飪教室),02-2331-7158#18/0908410883,25.0217924,121.4990396
275,臺北市萬華區新忠里辦公處,萬華區,新忠里,臺北市萬華區新忠里西藏路125巷7號1樓,0931-360310,25.0287637,121.5023125
276,臺北市萬華區萬大社區發展協會,萬華區,壽德里,臺北市萬華區壽德里萬大路329巷25號1樓,0933-7476120,25.0237479,121.5010896
277,財團法人天主教聖母聖心會,萬華區,雙園里,臺北市萬華區雙園里興寧街70號,02-23028934,25.0323563,121.4994604
278,社團法人中華善德關懷協會,萬華區,柳鄉里,臺北市萬華區柳鄉里環河南路2段102號3樓,0975-821326,25.0369132,121.4953786
279,財團法人台北市中國基督教靈糧世界佈道會台北靈糧堂(萬華靈糧福音中心),萬華區,仁德里,臺北市萬華區仁德里桂林路27號1樓、31號1樓,02-23315658,25.0379636,121.5048448
280,臺北市萬華區錦德里辦公處,萬華區,錦德里,臺北市萬華區錦德里寶興街80巷18號,0988-179748,25.0257504,121.4939029
281,財團法人天主教單國璽弱勢族群社福基金會,萬華區,日善里,臺北市萬華區日善里西藏路201號,02-23070052,25.0276236,121.4991888
282,臺北市萬華區福音里辦公處,萬華區,福音里,臺北市萬華區福音里昆明街284號1樓;永福街77號1樓,0979-608343,25.0389016,121.5027532
283,臺北市萬華日祥關懷協會,萬華區,日祥里,臺北市萬華區日祥里青年路186-1號第二教室,0933-719446,25.0201451,121.5036802
284,臺北市和德長壽健康促進協會,萬華區,和德里,臺北市萬華區和德里興義街25號1樓,02-23395285,25.0268592,121.4921752
285,財團法人環宇國際文化教育基金會(萬華),萬華區,錦德里,臺北市萬華區錦德里西園路2段279之6號,02-23098844,25.0251948,121.4921535
286,臺北市萬華區新和里辦公處,萬華區,新和里,臺北市萬華區新和里中華路2段416巷13之1號;中華路2段364巷9號;青年路40號;青年路30巷,02-23390506,25.0270169,121.5042032
287,臺北市萬華區青年社區發展協會,萬華區,新和里,臺北市萬華區新和里中華路2段416巷9-3、9-4號;中華路2段364巷9號;青年路40號,02-23037844,25.0267101,121.5044185
288,台北市萬華區華江社區發展協會,萬華區,華江里,臺北市萬華區華江里長順街臨127號,02-23081454,25.0319933,121.4896822
290,臺北市萬華區馬場町社區發展協會,萬華區,騰雲里,臺北市萬華區騰雲里中華路2段596巷1號,0983-372223,25.0245987,121.5094041
291,臺北市萬華區保德社區發展協會,萬華區,保德里,臺北市萬華區保德里東園街140巷8號、10號,02-23323337,25.0232728,121.4970914
292,社團法人台北市艾馨公益慈善會,萬華區,福音里,臺北市萬華區福音里康定路229號6樓,0985-582990,25.0353733,121.5013573